{
  "alligator": {
    "low": {
      "coefficients": [
        -1.388016974790665,
        7.3443808848926135,
        15.95942779726544,
        11.053030881225073
      ],
      "degree": 3
    },
    "medium": {
      "coefficients": [
        -0.3989345533215231,
        4.651138789870908,
        19.86270001407691,
        22.66379273659646
      ],
      "degree": 3
    },
    "high": {
      "coefficients": [
        -2.2852372392008182,
        5.8216061248793896,
        27.324495946092693,
        30.71344607483803
      ],
      "degree": 3
    }
  },
  "linear": {
    "low": {
      "coefficients": [
        0.051861074586755915,
        6.621357239676248,
        7.568428487685239,
        2.0424521755425067
      ],
      "degree": 3
    },
    "medium": {
      "coefficients": [
        -0.07619651067553956,
        5.9947113604052555,
        15.300450457739782,
        8.557130439846631
      ],
      "degree": 3
    },
    "high": {
      "coefficients": [
        -0.10487253667461895,
        13.558055659196768,
        27.050421258748088,
        18.762316601871866
      ],
      "degree": 3
    }
  },
  "pothole": {
    "low": {
      "coefficients": [
        -1.6256489618779266,
        3.115747704608884,
        40.27355896146026,
        57.92546332232386
      ],
      "degree": 3
    },
    "medium": {
      "coefficients": [
        -2.41236112005459,
        5.962473132262098,
        63.354894205512934,
        90.18334063875163
      ],
      "degree": 3
    },
    "high": {
      "coefficients": [
        -4.714070880698984,
        -5.895356719870861,
        50.514424637361564,
        107.78322054743239
      ],
      "degree": 3
    }
  },
  "rutting": {
    "low": {
      "coefficients": [
        -1.4895018376413425,
        6.687620289181572,
        14.369978211129146,
        7.428220829279256
      ],
      "degree": 3
    },
    "medium": {
      "coefficients": [
        -2.4308205343920153,
        6.834723067161627,
        21.667517682386382,
        17.316086349457784
      ],
      "degree": 3
    },
    "high": {
      "coefficients": [
        -2.5467100335933157,
        7.243155519065599,
        28.223535074583857,
        26.692589792558888
      ],
      "degree": 3
    }
  },
  "patching": {
    "low": {
      "coefficients": [
        -0.029700984438401426,
        6.839471064263314,
        6.884479941228318,
        1.7904635884410462
      ],
      "degree": 3
    },
    "medium": {
      "coefficients": [
        1.5292594023550565,
        7.12558494410376,
        12.302116587947806,
        9.387087501210909
      ],
      "degree": 3
    },
    "high": {
      "coefficients": [
        0.11965377905437968,
        9.730224937562037,
        21.334330230912336,
        18.96825733470674
      ],
      "degree": 3
    }
  },
  "edge_crack": {
    "low": {
      "coefficients": [
        1.3009994524752655,
        2.1086114073889233,
        3.7546912444934213,
        3.2210727447604444
      ],
      "degree": 3
    },
    "medium": {
      "coefficients": [
        -1.10002025567215,
        5.09862056581514,
        10.399827241295824,
        8.57360891948851
      ],
      "degree": 3
    },
    "high": {
      "coefficients": [
        -1.0216549410004363,
        8.182211696611937,
        15.895586284808433,
        14.870540454846877
      ],
      "degree": 3
    }
  }
}