{
  "alligator": {
    "low": {
      "coefficients": [
        -1.388016974790665,
        7.3443808848926135,
        15.95942779726544,
        11.053030881225073
      ],
      "degree": 3
    },
    "medium": {
      "coefficients": [
        -0.3989345533215231,
        4.651138789870908,
        19.86270001407691,
        22.66379273659646
      ],
      "degree": 3
    },
    "high": {
      "coefficients": [
        -2.2852372392008182,
        5.8216061248793896,
        27.324495946092693,
        30.71344607483803
      ],
      "degree": 3
    }
  },
  "linear": {
    "low": {
      "coefficients": [
        0.051861074586755915,
        6.621357239676248,
        7.568428487685239,
        2.0424521755425067
      ],
      "degree": 3
    },
    "medium": {
      "coefficients": [
        -0.07619651067553956,
        5.9947113604052555,
        15.300450457739782,
        8.557130439846631
      ],
      "degree": 3
    },
    "high": {
      "coefficients": [
        -0.10487253667461895,
        13.558055659196768,
        27.050421258748088,
        18.762316601871866
      ],
      "degree": 3
    }
  },
  "pothole": {
    "low": {
      "coefficients": [
        -1.6256489618779266,
        3.115747704608884,
        40.27355896146026,
        57.92546332232386
      ],
      "degree": 3
    },
    "medium": {
      "coefficients": [
        -2.41236112005459,
        5.962473132262098,
        63.354894205512934,
        90.18334063875163
      ],
      "degree": 3
    },
    "high": {
      "coefficients": [
        -4.714070880698984,
        -5.895356719870861,
        50.514424637361564,
        107.78322054743239
      ],
      "degree": 3
    }
  }
}